{
  "DummyClassifier": {
    "accuracy": 0.6152777777777778,
    "f1": 0.2660307366189719,
    "roc_auc": 0.5026724060622366
  },
  "LogisticRegression": {
    "accuracy": 0.8119444444444445,
    "f1": 0.5606748864373783,
    "roc_auc": 0.7976914875596609
  },
  "DecisionTree": {
    "accuracy": 0.8383333333333334,
    "f1": 0.6576470588235294,
    "roc_auc": 0.8371031995137457
  },
  "RandomForest": {
    "accuracy": 0.8888888888888888,
    "f1": 0.7490589711417817,
    "roc_auc": 0.9259610000099643
  },
  "GradientBoosting": {
    "accuracy": 0.9033333333333333,
    "f1": 0.8024971623155505,
    "roc_auc": 0.9282153070476988
  }
}