{
  "DummyClassifier": {
    "accuracy": 0.6041666666666666,
    "f1": 0.24483306836248012,
    "roc_auc": 0.48832391713747647
  },
  "LogisticRegression": {
    "accuracy": 0.8052777777777778,
    "f1": 0.5379037574159525,
    "roc_auc": 0.7890066660688131
  },
  "DecisionTree": {
    "accuracy": 0.8305555555555556,
    "f1": 0.6498277841561424,
    "roc_auc": 0.8284510606921153
  },
  "RandomForest": {
    "accuracy": 0.8908333333333334,
    "f1": 0.7526746381371932,
    "roc_auc": 0.9258041630546339
  },
  "GradientBoosting": {
    "accuracy": 0.9094444444444445,
    "f1": 0.8077830188679245,
    "roc_auc": 0.9277577496786535
  }
}