{
  "f16": 0.08530555555555552,
  "f01": 0.03863888888888889,
  "f07": 0.020583333333333332,
  "f30": 0.01772222222222224,
  "f15": 0.017666666666666653,
  "f08": 0.017499999999999995,
  "f12": 0.015527777777777762,
  "f29": 0.01533333333333331,
  "f05": 0.01463888888888889,
  "f13": 0.014361111111111102
}