{
  "f16": 0.0891944444444445,
  "f01": 0.04461111111111117,
  "f07": 0.022305555555555613,
  "f30": 0.017888888888888944,
  "f12": 0.01736111111111117,
  "f15": 0.01730555555555561,
  "f18": 0.01600000000000005,
  "f08": 0.015472222222222286,
  "f23": 0.014750000000000063,
  "f19": 0.013805555555555616
}